<?xml version="1.0" encoding="UTF-8" ?>
<!DOCTYPE mapper
        PUBLIC "-//mybatis.org//DTD Mapper 3.0//EN"
        "http://mybatis.org/dtd/mybatis-3-mapper.dtd">
<mapper namespace="com.ssafy.happyhouse.dao.ReplyDAO">

	<!-- 댓글 조회 -->
	<select id="selectReplyByBoardNo" resultType="reply">
		select 
		reply_no as replyNo, 
		reply_content as replyContent, 
		reply_userid as replyUserid, 
		reply_datetime as replyDatetime
		from qna_reply
        where board_no = #{boardNo}
	 	order by reply_no asc;
	</select>

	<!-- 댓글 등록 -->
	<insert id="insertReply" parameterType="reply">
      insert into qna_reply(
         board_no, 
         reply_content,
         reply_userid
      ) values (
     	#{boardNo}, 
    	#{replyContent},
		#{replyUserid}
      )
   </insert>
	
	<!-- 댓글 수정 -->
	<update id="updateReply" parameterType="reply">
		update qna_reply
		   set reply_no = #{replyNo},
		   	   board_no = #{boardNo}, 
		   	   reply_content = #{replyContent},
		   	   reply_userid = #{replyUserid}, 
		   	   reply_datetime = #{replyDatetime}
		 where reply_no = #{replyNo}
	</update>

	<!-- 댓글 삭제 -->
	<delete id="deleteReply" parameterType="int">
		delete 
		  from qna_reply
		 where reply_no = #{replyNo}
	</delete>
</mapper>

