<?xml version="1.0" encoding="UTF-8" ?>
<!DOCTYPE mapper
        PUBLIC "-//mybatis.org//DTD Mapper 3.0//EN"
        "http://mybatis.org/dtd/mybatis-3-mapper.dtd">
<mapper namespace="com.ssafy.happyhouse.dao.QnADAO">

	<!-- 게시글 전체 조회 -->
	<select id="selectQnA" resultType="qna">
		select qna_no as qnaNo,
		qna_title as qnaTitle,
		qna_content as qnaContent,
		qna_userid as qnaUserid,
		qna_datetime as qnaDatetime,
		reply_content as replyContent,
		reply_datetime as replyDatetime, 
		reply_userid as replyUserid
		from qna_board	
	 order by qna_no desc
	</select>
	
	<!-- 게시글 상세 조회 -->
	<select id="selectQnAByNo" resultType="qna">
		select qna_no as qnaNo,
		qna_title as qnaTitle,
		qna_content as qnaContent,
		qna_userid as qnaUserid,
		qna_datetime as qnaDatetime,
		reply_content as replyContent,
		reply_datetime as replyDatetime, 
		reply_userid as replyUserid
		from qna_board	
		 where qna_no = #{qnaNo}
	</select>

	<!-- 게시글 등록 -->
	<insert id="insertQnA" parameterType="qna">
      insert into qna_board(
         qna_no, 
         qna_title, 
         qna_content,
         qna_userid,
         reply_content,
         reply_datetime,
         reply_userid
         
      ) values (
         #{qnaNo}, #{qnaTitle}, #{qnaContent},
         #{qnaUserid}, #{replyContent},
         #{replyDatetime}, #{replyUserid}
      
      )
   </insert>
	
	<!-- 게시글 수정 -->
	<update id="updateQnA" parameterType="qna">
		update qna_board 
		   set qna_no = #{qnaNo}, 
		   	   qna_title = #{qnaTitle}, 
		   	   qna_content = #{qnaContent},
		   	   qna_userid = #{qnaUserid}, 
		   	   qna_datetime = #{qnaDatetime}, 
		   	   reply_content = #{replyContent},
		   	   reply_datetime = now(), 
		   	   reply_userid = #{replyUserid}
		 where qna_no = #{qnaNo}
	</update>

	<!-- 게시글 삭제 -->
	<delete id="deleteQnA" parameterType="int">
		delete 
		  from qna_board 
		 where qna_no = #{qnaNo}
	</delete>
	
</mapper>

